{
  "$schema": "https://schema.management.azure.com/schemas/2015-01-01/deploymentTemplate.json#",
  "contentVersion": "1.0.0.0",
  "parameters": {
    "hostingPlanName": {
      "type": "string",
      "minLength": 1,
      "metadata": {
        "description": "Azure App Services use \"Hosting Plans\" to define the compute resources that will run your app. The name of this plan will also be used elsewhere throughout this deployment, as part of your database host name and your default web site name"
      }
    },
    "skuName": {
      "type": "string",
      "defaultValue": "F1",
      "allowedValues": [
        "F1",
        "D1",
        "B1",
        "B2",
        "B3",
        "S1",
        "S2",
        "S3",
        "P1",
        "P2",
        "P3",
        "P4"
      ],
      "metadata": {
        "description": "Describes plan's pricing tier and capacity - this can be changed after deployment. Check details at https://azure.microsoft.com/en-us/pricing/details/app-service/"
      }
    },
    "skuCapacity": {
      "type": "int",
      "defaultValue": 1,
      "minValue": 1,
      "metadata": {
        "description": "Describes plan's instance count (how many distinct web servers will be deployed in the farm) - this can be changed after deployment"
      }
    },
    "tenantName": {
      "type": "string",
      "metadata": {
        "description": "Required: the name of the Azure Active Directory tenant that will host your auth apps (like contoso.com, or contoso.onmicrosoft.com)"
      }
    },
    "tenantId": {
      "type": "string",
      "metadata": {
        "description": "Required: the GUID of the tenant above"
      }
    },
    "clientId_admin": {
      "type": "string",
      "metadata": {
        "description": "Required: the application ID GUID of your administrative auth app (see Readme for details)"
      }
    },
    "clientSecret_admin": {
      "type": "string",
      "metadata": {
        "description": "Required: the application secret for your administrative auth app"
      }
    },
    "clientId_preAuth": {
      "type": "string",
      "metadata": {
        "description": "Required: the application ID GUID of your user pre-auth auth app (see Readme for details)"
      }
    },
    "clientSecret_preAuth": {
      "type": "string",
      "metadata": {
        "description": "Required: the application secret for your user pre-auth auth app"
      }
    },
    "mailServerFqdn": {
      "type": "string",
      "defaultValue": "",
      "metadata": {
        "description": "Optional, you may configure your app to send custom templated invitation emails - if you don't fill these out, you can have the B2B service deliver them for you"
      }
    },
    "smtpLogin": {
      "type": "string",
      "defaultValue": "",
      "metadata": {
        "description": "Optional, login name of your SMTP server"
      }
    },
    "smptPassword": {
      "type": "string",
      "defaultValue": "",
      "metadata": {
        "description": "Optional, password for your SMTP server"
      }
    },
    "smptPort": {
      "type": "int",
      "defaultValue": 587,
      "metadata": {
        "description": "Optional, the SMTP port for your SMTP server (indicating whether to use encryption or not for custom email sending)"
      }
    },
    "repoURL": {
      "type": "string",
      "defaultValue": "https://github.com/Azure/active-directory-dotnet-graphapi-b2bportal-web.git",
      "metadata": {
        "description": "The path to the application source files on GitHub"
      }
    },
    "branch": {
      "type": "string",
      "defaultValue": "master",
      "metadata": {
        "description": "The main branch of the application repo"
      }
    }
  },
  "variables": {
    "webSiteName": "[concat(tolower(parameters('hostingPlanName')), '-web', uniqueString(resourceGroup().id))]",
    "docDbHost": "[concat(tolower(parameters('hostingPlanName')), '-db', uniqueString(resourceGroup().id))]",
    "docDbName": "B2BRequests",
    "docDbCollection": "GuestRequests",
    "mailEnabled": "1"
  },
  "resources": [
    {
      "type": "Microsoft.DocumentDB/databaseAccounts",
      "kind": "GlobalDocumentDB",
      "name": "[variables('docDbHost')]",
      "apiVersion": "2015-04-08",
      "location": "[resourceGroup().location]",
      "tags": {
        "displayName": "DocDB"
      },
      "properties": {
        "databaseAccountOfferType": "Standard",
        "consistencyPolicy": {
          "defaultConsistencyLevel": "Session",
          "maxIntervalInSeconds": 5,
          "maxStalenessPrefix": 100
        },
        "name": "[variables('docDbHost')]"
      },
      "dependsOn": []
    },
    {
      "apiVersion": "2015-08-01",
      "name": "[parameters('hostingPlanName')]",
      "type": "Microsoft.Web/serverfarms",
      "location": "[resourceGroup().location]",
      "tags": {
        "displayName": "HostingPlan"
      },
      "sku": {
        "name": "[parameters('skuName')]",
        "capacity": "[parameters('skuCapacity')]"
      },
      "properties": {
        "name": "[parameters('hostingPlanName')]"
      }
    },
    {
      "apiVersion": "2015-08-01",
      "name": "[variables('webSiteName')]",
      "type": "Microsoft.Web/sites",
      "location": "[resourceGroup().location]",
      "tags": {
        "[concat('hidden-related:', resourceGroup().id, '/providers/Microsoft.Web/serverfarms/', parameters('hostingPlanName'))]": "Resource",
        "displayName": "Website"
      },
      "dependsOn": [
        "[resourceId('Microsoft.Web/serverfarms/', parameters('hostingPlanName'))]",
        "[variables('docDbHost')]"
      ],
      "properties": {
        "name": "[variables('webSiteName')]",
        "serverFarmId": "[resourceId('Microsoft.Web/serverfarms', parameters('hostingPlanName'))]",
        "siteConfig": {
          "phpVersion": "off",
          "appSettings": [
            {
              "Name": "ida:ClientId_Admin",
              "Value": "[parameters('clientId_admin')]"
            },
            {
              "Name": "ida:ClientSecret_Admin",
              "Value": "[parameters('clientSecret_admin')]"
            },
            {
              "Name": "ida:Tenant",
              "Value": "[parameters('tenantName')]"
            },
            {
              "Name": "ida:TenantId",
              "Value": "[parameters('tenantId')]"
            },
            {
              "Name": "ida:ClientId_PreAuth",
              "Value": "[parameters('clientId_preAuth')]"
            },
            {
              "Name": "ida:ClientSecret_PreAuth",
              "Value": "[parameters('clientSecret_preAuth')]"
            },
            {
              "Name": "DocDBUri",
              "Value": "[reference(concat('Microsoft.DocumentDb/databaseAccounts/', variables('docDbHost'))).documentEndpoint]"
            },
            {
              "Name": "DocDBAuthKey",
              "Value": "[listKeys(resourceId('Microsoft.DocumentDb/databaseAccounts', variables('docDbHost')), '2015-04-08').primaryMasterKey]"
            },
            {
              "Name": "DocDBName",
              "Value": "[variables('docDbName')]"
            },
            {
              "Name": "DocDBCollection",
              "Value": "[variables('docDbCollection')]"
            },
            {
              "Name": "MailEnabled",
              "Value": "[variables('mailEnabled')]"
            },
            {
              "Name": "SMTPLogin",
              "Value": "[parameters('smtpLogin')]"
            },
            {
              "Name": "SMTPPassword",
              "Value": "[parameters('smptPassword')]"
            },
            {
              "Name": "MailServer",
              "Value": "[parameters('mailServerFqdn')]"
            },
            {
              "Name": "SMTPPort",
              "Value": "[parameters('smptPort')]"
            }
          ]
        }
      },
      "resources": [
        {
          "name": "web",
          "type": "sourcecontrols",
          "location": "[resourceGroup().location]",
          "apiVersion": "2015-08-01",
          "dependsOn": [
            "[resourceId('Microsoft.Web/sites', variables('webSiteName'))]"
          ],
          "tags": {
            "displayName": "CodeDeploy"
          },
          "properties": {
            "RepoUrl": "[parameters('repoUrl')]",
            "branch": "[parameters('branch')]",
            "IsManualIntegration": true
          }
        }
      ]
    }
  ],
  "outputs": {
    "WebSiteObject": {
      "value": "[reference(resourceId('Microsoft.Web/sites/', variables('webSiteName')), '2015-08-01')]",
      "type": "object"
    }
  }
}