{
  "$schema": "https://schema.management.azure.com/schemas/2015-01-01/deploymentParameters.json#",
  "contentVersion": "1.0.0.0",
  "parameters": {
    "hostingPlanName": {
      "value": null
    },
    "skuName": {
      "value": "F1"
    },
    "skuCapacity": {
      "value": 1
    },
    "tenantName": {
      "value": null
    },
    "tenantId": {
      "value": null
    },
    "clientId_admin": {
      "value": null
    },
    "clientSecret_admin": {
      "value": null
    },
    "clientId_preAuth": {
      "value": null
    },
    "mailServerFqdn": {
      "value": null
    },
    "smtpLogin": {
      "value": null
    },
    "smptPassword": {
      "value": null
    },
    "smptPort": {
      "value": null
    },
    "repoURL": {
      "value": "https://github.com/Azure/active-directory-dotnet-graphapi-b2bportal-web.git"
    },
    "branch": {
      "value": "master"
    }
  }
}