{
  "$schema": "https://schema.management.azure.com/schemas/2015-01-01/deploymentTemplate.json#",
  "contentVersion": "1.0.0.0",
  "parameters": {
    "hostingPlanName": {
      "type": "string",
      "minLength": 1
    },
    "skuName": {
      "type": "string",
      "defaultValue": "F1",
      "allowedValues": [
        "F1",
        "D1",
        "B1",
        "B2",
        "B3",
        "S1",
        "S2",
        "S3",
        "P1",
        "P2",
        "P3",
        "P4"
      ],
      "metadata": {
        "description": "Describes plan's pricing tier and capacity. Check details at https://azure.microsoft.com/en-us/pricing/details/app-service/"
      }
    },
    "skuCapacity": {
      "type": "int",
      "defaultValue": 1,
      "minValue": 1,
      "metadata": {
        "description": "Describes plan's instance count"
      }
    },
    "tenantName": {
      "type": "string"
    },
    "tenantId": {
      "type": "string"
    },
    "clientId_admin": {
      "type": "string"
    },
    "clientSecret_admin": {
      "type": "string"
    },
    "clientId_preAuth": {
      "type": "string"
    },
    "mailServerFqdn": {
      "type": "string"
    },
    "smtpLogin": {
      "type": "string"
    },
    "smptPassword": {
      "type": "string"
    },
    "smptPort": {
      "type": "int"
    },
    "repoURL": {
      "type": "string",
      "defaultValue": "https://github.com/Azure/active-directory-dotnet-graphapi-b2bportal-web.git"
    },
    "branch": {
      "type": "string",
      "defaultValue": "master"
    }
  },
  "variables": {
    "webSiteName": "[concat(parameters('hostingPlanName'), '-web', uniqueString(resourceGroup().id))]",
    "docDbHost": "[concat(parameters('hostingPlanName'), '-db', uniqueString(resourceGroup().id))]",
    "docDbName": "B2BRequests",
    "docDbCollection": "GuestRequests",
    "mailEnabled": "1"
  },
  "resources": [
    {
      "type": "Microsoft.DocumentDB/databaseAccounts",
      "kind": "GlobalDocumentDB",
      "name": "[variables('docDbHost')]",
      "apiVersion": "2015-04-08",
      "location": "resourceGroup().location",
      "tags": {
        "displayName": "DocDB"
      },
      "properties": {
        "databaseAccountOfferType": "Standard",
        "consistencyPolicy": {
          "defaultConsistencyLevel": "Session",
          "maxIntervalInSeconds": 5,
          "maxStalenessPrefix": 100
        },
        "name": "[variables('docDbHost')]"
      },
      "dependsOn": []
    },
    {
      "apiVersion": "2015-08-01",
      "name": "[parameters('hostingPlanName')]",
      "type": "Microsoft.Web/serverfarms",
      "location": "[resourceGroup().location]",
      "tags": {
        "displayName": "HostingPlan"
      },
      "sku": {
        "name": "[parameters('skuName')]",
        "capacity": "[parameters('skuCapacity')]"
      },
      "properties": {
        "name": "[parameters('hostingPlanName')]"
      }
    },
    {
      "apiVersion": "2015-08-01",
      "name": "[variables('webSiteName')]",
      "type": "Microsoft.Web/sites",
      "location": "[resourceGroup().location]",
      "tags": {
        "[concat('hidden-related:', resourceGroup().id, '/providers/Microsoft.Web/serverfarms/', parameters('hostingPlanName'))]": "Resource",
        "displayName": "Website"
      },
      "dependsOn": [
        "[resourceId('Microsoft.Web/serverfarms/', parameters('hostingPlanName'))]",
        "[variables('docDbName')]"
      ],
      "properties": {
        "name": "[variables('webSiteName')]",
        "serverFarmId": "[resourceId('Microsoft.Web/serverfarms', parameters('hostingPlanName'))]",
        "siteConfig"; {
          "phpVersion": "off",
          "appSettings": [
            {
              "Name": "ida:ClientId_Admin",
              "Value": "[parameters('clientId_admin')]"
            },
            {
              "Name": "ida:ClientSecret_Admin",
              "Value": "[parameters('clientSecret_admin')]"
            },
            {
              "Name": "ida:Tenant",
              "Value": "[parameters('tenantName')]"
            },
            {
              "Name": "ida:TenantId",
              "Value": "[parameters('tenantId')]"
            },
            {
              "Name": "ida:ClientId_PreAuth",
              "Value": "[parameters('clientId_preAuth')]"
            },
            {
              "Name": "DocDBUri",
              "Value": "[reference(concat('Microsoft.DocumentDb/databaseAccounts/', variables('docDbHost'))).documentEndpoint]"
            },
            {
              "Name": "DocDBAuthKey",
              "Value": "[listKeys(resourceId('Microsoft.DocumentDb/databaseAccounts', variables('docDbHost')), '2015-04-08').primaryMasterKey]"
            },
            {
              "Name": "DocDBName",
              "Value": "[variables('docDbName')]"
            },
            {
              "Name": "DocDBCollection",
              "Value": "[variables('docDbCollection')]"
            },
            {
              "Name": "MailEnabled",
              "Value": "[variables('mailEnabled')]"
            },
            {
              "Name": "SMTPLogin",
              "Value": "[parameters('smtpLogin')]"
            },
            {
              "Name": "SMTPPassword",
              "Value": "[parameters('smptPassword')]"
            },
            {
              "Name": "MailServer",
              "Value": "[parameters('mailServerFqdn')]"
            },
            {
              "Name": "SMTPPort",
              "Value": "[parameters('smptPort')]"
            }
          ]
        }
      },
        "resources": [
            {
                "name": "web",
                "type": "sourcecontrols",
                "location": "[resourceGroup().location]",
                "apiVersion": "2015-08-01",
                "dependsOn": [
                    "[resourceId('Microsoft.Web/sites', variables('webSiteName'))]"
                ],
                "tags": {
                    "displayName": "CodeDeploy"
                },
                "properties": {
                    "RepoUrl": "[parameters('repoUrl')]",
                    "branch": "[parameters('branch')]",
                    "IsManualIntegration": true
                }
            }
        ]
    }
  ]
}